DHD6216,4
E5R4052A,117
E5R4052A2,300
E5R9152A2,99
EVR-3104E-US,0
P5R6352E2K,200
P6R6382E2K,50
Z2R6552X,8
P5R8852E2K,22
Z2R8052EX25,8
PI6018,9
PIH-520LBW,3
P3R6322E2K,50
Z7R8182X3-P,143
P5R6352E2-US,98
F2R3682IM,15
F2R36C2IM,35
PIH-Z6W,25
BCR03W,121
420MX3,0
PMH-IP01H,7
PMH-IP01,11
P2R6852E4K,17
Z2R8022EX25,11
Z2R8822AX,39
P2R6852E2K,36
P2R6822E2,37
P2R6852E2-US,53
P3R6322E2,52
P2R6352AE2,80
P2R6822E2K,31
DB052E,7
P2R6522E2K,0
NVR6208E,1
AHD842AX2.8,77
DHD5108,0
DHD5216,0
P5R6552E2K,24
BTS06W,19
P5R6522E2K,7
P6R3782E2,2
P6R3782E4,2
PS3268C,15
PI9018,8
Specialty Cameras,0
FR33C2,4
FR3362,0
F2R36C2IM-US,100
IPC0122P3,12
IPC0122WP3,0
IPC0422E4,0
IPC0522E2,29
Bullet Cameras,0
IPR7334SX5,1
IPR424ESX3.6,23
LR7224EX3.6,8
IPR414EMX3.6,19
IPR414ESX3,91
IPR722S4.3,74
IPR712S4.3,232
IPR712M4.3,72
IPR7922E6,1
LR7922E2,45
LR7022E6,4
MR832K,3
MR832,88
LR832,26
MR832B,124
ZHR8182EX2,17
ZFR8122EX2,44
ZFR8122EX3,8
ZSR8122EX2,0
ZSR8122EX3,0
ZSR8122LPR,1
P2R8822E2,30
P2R8822E4,12
P2R8852E2,14
P2R8852E4,47
P3R8822E2,49
P5R8822E2,194
P5R8852E2,113
P5R8822E2K,50
Z2R8152X2-P,12
Z2R8152X-P,21
Z2R8122X-P,88
Z2R8122X2-P,10
Z3R8922X3,16
Z5R8922X3,75
Z5R8852X,75
Z5R8852XK,36
Z7R6482X3-P,30
ZMR7422X-P,16
ZMR7422X2-P,14
ZMR7442X-P,23
ZMR7442X2-P,11
ZMR7722X,39
ZMR7742X,25
ZMR8142X2-P,12
ZMR8122X-P,80
ZMR8122X2-P,26
ZMR8142X-P,39
ZMR8422X,36
ZMR8422XK,86
ZMR8442X,0
ZMR8442XK,51
SR8222E4,24
SR7424EX3.6,5
SR7022E4,21
SR7022E6,16
MR8442X,0
MR8322,15
MR8342,65
MR8342K,39
